hour,temp_f,hour_of_day,dewpoint_f,humidity_pct,wind_kt,weekend,load_mw
2026-07-20 00:00:00,65.0,0,51.0,60.49,5.0,0,12158.9
2026-07-20 01:00:00,60.0,1,51.0,72.13,4.0,0,11672.76
2026-07-20 02:00:00,60.0,2,51.0,72.13,0.0,0,11458.13
2026-07-20 03:00:00,55.0,3,51.0,86.35,0.0,0,11083.58
2026-07-20 04:00:00,57.0,4,53.0,86.46,4.0,0,11088.35
2026-07-20 05:00:00,54.0,5,51.0,89.55,3.0,0,11357.97
2026-07-20 06:00:00,58.0,6,53.0,83.4,0.0,0,11503.01
2026-07-20 07:00:00,65.0,7,53.0,65.12,3.0,0,11759.17
2026-07-20 08:00:00,69.0,8,51.0,52.69,3.0,0,11535.13
2026-07-20 09:00:00,72.0,9,52.0,49.37,3.0,0,11191.52
2026-07-20 10:00:00,74.0,10,51.0,44.48,0.0,0,10966.36
2026-07-20 11:00:00,78.0,11,49.0,36.16,9.0,0,11102.26
2026-07-20 12:00:00,79.0,12,50.0,36.32,10.0,0,11443.58
2026-07-20 13:00:00,80.0,13,50.0,35.15,6.0,0,11735.17
2026-07-20 14:00:00,81.0,14,51.0,35.31,7.0,0,12320.78
2026-07-20 15:00:00,81.0,15,50.0,34.02,8.0,0,13286.22
2026-07-20 16:00:00,81.0,16,50.0,34.02,9.0,0,14622.15
2026-07-20 17:00:00,80.0,17,51.0,36.48,7.0,0,16156.9
2026-07-20 18:00:00,79.0,18,50.0,36.32,9.0,0,17300.15
2026-07-20 19:00:00,76.0,19,51.0,41.61,7.0,0,17337.58
2026-07-20 20:00:00,72.0,20,51.0,47.58,10.0,0,16818.58
2026-07-20 21:00:00,70.0,21,54.0,56.86,9.0,0,16001.42
2026-07-20 22:00:00,68.0,22,56.0,65.48,7.0,0,14703.07
2026-07-20 23:00:00,66.0,23,57.0,72.74,5.0,0,13381.92
2026-07-21 00:00:00,65.0,0,58.0,78.08,6.0,0,12439.6
2026-07-21 01:00:00,65.0,1,59.0,80.92,6.0,0,12413.75
2026-07-21 02:00:00,63.0,2,60.0,89.94,5.0,0,12320.54
2026-07-21 03:00:00,64.0,3,60.0,86.84,4.0,0,12101.22
2026-07-21 04:00:00,63.0,4,60.0,89.94,3.0,0,12212.04
2026-07-21 05:00:00,61.0,5,59.0,93.13,3.0,0,12514.8
2026-07-21 06:00:00,64.0,6,61.0,89.98,0.0,0,12693.01
2026-07-21 07:00:00,67.0,7,62.0,83.99,4.0,0,12948.34
2026-07-21 08:00:00,70.0,8,64.0,81.29,5.0,0,13037.79
2026-07-21 09:00:00,72.0,9,65.0,78.66,8.0,0,13249.78
2026-07-21 10:00:00,73.0,10,65.0,76.05,9.0,0,13734.63
2026-07-21 11:00:00,70.0,11,67.0,90.22,7.0,0,14397.54
2026-07-21 12:00:00,71.0,12,69.0,93.41,7.0,0,14851.58
2026-07-21 13:00:00,74.0,13,70.0,87.36,10.0,0,14806.86
2026-07-21 14:00:00,72.0,14,70.0,93.44,8.0,0,15092.32
2026-07-21 15:00:00,73.0,15,71.0,93.47,3.0,0,15746.14
2026-07-21 16:00:00,73.0,16,71.0,93.47,5.0,0,16272.0
2026-07-21 17:00:00,74.0,17,71.0,90.38,3.0,0,16500.43
2026-07-21 18:00:00,73.0,18,71.0,93.47,4.0,0,16491.18
2026-07-21 19:00:00,73.0,19,71.0,93.47,4.0,0,16444.21
2026-07-21 20:00:00,73.0,20,72.0,96.69,5.0,0,16361.33
2026-07-21 21:00:00,73.0,21,71.0,93.47,5.0,0,15920.41
2026-07-21 22:00:00,72.0,22,71.0,96.67,5.0,0,14989.71
2026-07-21 23:00:00,72.0,23,71.0,96.67,6.0,0,13993.49
2026-07-22 00:00:00,72.0,0,72.0,100.0,11.0,0,13706.28
2026-07-22 01:00:00,72.0,1,71.0,96.67,6.0,0,14019.98
2026-07-22 02:00:00,72.0,2,70.0,93.44,10.0,0,14164.96
2026-07-22 03:00:00,71.0,3,69.0,93.41,10.0,0,14008.51
2026-07-22 04:00:00,70.0,4,69.0,96.64,6.0,0,14143.25
2026-07-22 05:00:00,70.0,5,69.0,96.64,6.0,0,14455.91
2026-07-22 06:00:00,72.0,6,69.0,90.3,8.0,0,14624.71
2026-07-22 07:00:00,72.0,7,70.0,93.44,10.0,0,14783.4
2026-07-22 08:00:00,74.0,8,69.0,84.43,10.0,0,15115.08
2026-07-22 09:00:00,79.0,9,69.0,71.54,9.0,0,15052.45
2026-07-22 10:00:00,81.0,10,68.0,64.76,7.0,0,15266.21
2026-07-22 11:00:00,82.0,11,65.0,56.51,9.0,0,15283.68
2026-07-22 12:00:00,85.0,12,66.0,53.12,10.0,0,15780.01
2026-07-22 13:00:00,85.0,13,67.0,54.99,10.0,0,16387.69
2026-07-22 14:00:00,76.0,14,67.0,73.73,16.0,0,16788.02
2026-07-22 15:00:00,80.0,15,69.0,69.23,11.0,0,17055.37
2026-07-22 16:00:00,85.0,16,60.0,43.03,15.0,0,17475.1
2026-07-22 17:00:00,82.0,17,63.0,52.69,8.0,0,18348.95
2026-07-22 18:00:00,78.0,18,58.0,50.27,11.0,0,18866.19
2026-07-22 19:00:00,76.0,19,56.0,49.97,8.0,0,18751.8
2026-07-22 20:00:00,72.0,20,54.0,53.13,8.0,0,18332.06
2026-07-22 21:00:00,69.0,21,55.0,61.02,10.0,0,17267.92
2026-07-22 22:00:00,66.0,22,54.0,65.24,9.0,0,15682.23
2026-07-22 23:00:00,65.0,23,52.0,62.76,3.0,0,14173.1
2026-07-23 00:00:00,63.0,0,53.0,69.83,0.0,0,13086.86
2026-07-23 01:00:00,62.0,1,54.0,75.03,0.0,0,12882.56
2026-07-23 02:00:00,60.0,2,54.0,80.54,3.0,0,12617.38
2026-07-23 03:00:00,59.0,3,53.0,80.47,6.0,0,12370.28
2026-07-23 04:00:00,58.0,4,53.0,83.4,4.0,0,12334.4
2026-07-23 05:00:00,56.0,5,53.0,89.64,4.0,0,12706.52
2026-07-23 06:00:00,59.0,6,54.0,83.47,4.0,0,12606.34
2026-07-23 07:00:00,63.0,7,53.0,69.83,4.0,0,12327.47
2026-07-23 08:00:00,67.0,8,52.0,58.56,6.0,0,12200.82
2026-07-23 09:00:00,70.0,9,49.0,47.27,6.0,0,11707.98
2026-07-23 10:00:00,73.0,10,49.0,42.7,6.0,0,11567.08
2026-07-23 11:00:00,74.0,11,50.0,42.86,4.0,0,11071.45
2026-07-23 12:00:00,77.0,12,45.0,32.14,6.0,0,11243.61
2026-07-23 13:00:00,78.0,13,45.0,31.1,11.0,0,11598.54
2026-07-23 14:00:00,80.0,14,47.0,31.41,10.0,0,11928.15
2026-07-23 15:00:00,79.0,15,46.0,31.26,5.0,0,12829.13
2026-07-23 16:00:00,79.0,16,47.0,32.46,9.0,0,14129.47
2026-07-23 17:00:00,78.0,17,48.0,34.83,6.0,0,15579.12
2026-07-23 18:00:00,76.0,18,48.0,37.21,5.0,0,16558.25
2026-07-23 19:00:00,73.0,19,53.0,49.52,4.0,0,16633.81
2026-07-23 20:00:00,68.0,20,55.0,63.15,0.0,0,16235.68
2026-07-23 21:00:00,65.0,21,56.0,72.64,5.0,0,15542.22
2026-07-23 22:00:00,63.0,22,56.0,77.91,0.0,0,14327.04
2026-07-23 23:00:00,63.0,23,55.0,75.13,0.0,0,13225.34
2026-07-24 00:00:00,60.0,0,55.0,83.54,4.0,0,12573.65
2026-07-24 01:00:00,56.0,1,54.0,92.98,0.0,0,12059.55
2026-07-24 02:00:00,58.0,2,54.0,86.51,0.0,0,11786.52
2026-07-24 03:00:00,55.0,3,53.0,92.95,0.0,0,11676.27
2026-07-24 04:00:00,54.0,4,53.0,96.4,3.0,0,11748.03
2026-07-24 05:00:00,53.0,5,52.0,96.39,0.0,0,11909.58
2026-07-24 06:00:00,58.0,6,54.0,86.51,0.0,0,11770.95
2026-07-24 07:00:00,61.0,7,55.0,80.62,3.0,0,11883.15
2026-07-24 08:00:00,66.0,8,56.0,70.16,3.0,0,11480.15
2026-07-24 09:00:00,70.0,9,56.0,61.15,0.0,0,11466.98
2026-07-24 10:00:00,75.0,10,53.0,46.31,0.0,0,11353.78
2026-07-24 11:00:00,78.0,11,50.0,37.53,4.0,0,11365.85
2026-07-24 12:00:00,80.0,12,51.0,36.48,4.0,0,11645.11
2026-07-24 13:00:00,81.0,13,51.0,35.31,6.0,0,12109.31
2026-07-24 14:00:00,81.0,14,50.0,34.02,0.0,0,12544.67
2026-07-24 15:00:00,82.0,15,51.0,34.18,4.0,0,13532.38
2026-07-24 16:00:00,82.0,16,50.0,32.94,5.0,0,14843.24
2026-07-24 17:00:00,82.0,17,51.0,34.18,6.0,0,16139.5
2026-07-24 18:00:00,79.0,18,55.0,43.65,11.0,0,16876.9
2026-07-24 19:00:00,75.0,19,54.0,48.04,9.0,0,16785.91
2026-07-24 20:00:00,71.0,20,53.0,52.98,6.0,0,16353.02
2026-07-24 21:00:00,69.0,21,53.0,56.72,5.0,0,15637.28
2026-07-24 22:00:00,66.0,22,55.0,67.66,5.0,0,14498.49
2026-07-24 23:00:00,65.0,23,55.0,70.05,4.0,0,13266.8
2026-07-25 00:00:00,64.0,0,55.0,72.54,4.0,1,12270.76
2026-07-25 01:00:00,59.0,1,55.0,86.57,0.0,1,11507.8
2026-07-25 02:00:00,58.0,2,55.0,89.73,0.0,1,11376.63
2026-07-25 03:00:00,56.0,3,54.0,92.98,0.0,1,11442.5
2026-07-25 04:00:00,55.0,4,53.0,92.95,0.0,1,11353.49
2026-07-25 05:00:00,53.0,5,52.0,96.39,3.0,1,11652.15
2026-07-25 06:00:00,59.0,6,55.0,86.57,3.0,1,11458.15
2026-07-25 07:00:00,63.0,7,56.0,77.91,0.0,1,11087.18
2026-07-25 08:00:00,67.0,8,57.0,70.27,0.0,1,10553.23
2026-07-25 09:00:00,73.0,9,54.0,51.37,3.0,1,10391.12
2026-07-25 10:00:00,76.0,10,51.0,41.61,3.0,1,9943.43
2026-07-25 11:00:00,77.0,11,50.0,38.79,3.0,1,10172.27
2026-07-25 12:00:00,78.0,12,51.0,38.95,3.0,1,10465.97
2026-07-25 13:00:00,82.0,13,54.0,38.17,7.0,1,10913.19
2026-07-25 14:00:00,81.0,14,53.0,38.01,3.0,1,11192.51
2026-07-25 15:00:00,81.0,15,54.0,39.43,7.0,1,11789.4
2026-07-25 16:00:00,80.0,16,53.0,39.27,7.0,1,13086.97
2026-07-25 17:00:00,81.0,17,54.0,39.43,7.0,1,14526.44
2026-07-25 18:00:00,79.0,18,53.0,40.57,8.0,1,15548.88
2026-07-25 19:00:00,76.0,19,54.0,46.47,6.0,1,15540.79
2026-07-25 20:00:00,72.0,20,56.0,57.14,7.0,1,15155.33
2026-07-25 21:00:00,69.0,21,56.0,63.27,7.0,1,14487.99
2026-07-25 22:00:00,67.0,22,56.0,67.78,5.0,1,13478.39
2026-07-25 23:00:00,66.0,23,56.0,70.16,0.0,1,12391.55
2026-07-26 00:00:00,61.0,0,56.0,83.6,0.0,1,11552.16
2026-07-26 01:00:00,59.0,1,56.0,89.77,0.0,1,10879.58
2026-07-26 02:00:00,57.0,2,55.0,93.01,0.0,1,10413.71
2026-07-26 03:00:00,56.0,3,55.0,96.44,4.0,1,10340.48
2026-07-26 04:00:00,56.0,4,54.0,92.98,0.0,1,10232.32
2026-07-26 05:00:00,57.0,5,56.0,96.45,0.0,1,10243.31
2026-07-26 06:00:00,58.0,6,56.0,93.04,3.0,1,10427.68
2026-07-26 07:00:00,63.0,7,57.0,80.77,3.0,1,10300.62
2026-07-26 08:00:00,67.0,8,57.0,70.27,4.0,1,9993.47
2026-07-26 09:00:00,70.0,9,55.0,58.97,0.0,1,9990.98
2026-07-26 10:00:00,74.0,10,54.0,49.67,4.0,1,9780.47
2026-07-26 11:00:00,76.0,11,56.0,49.97,4.0,1,9905.61
2026-07-26 12:00:00,79.0,12,54.0,42.09,4.0,1,10056.58
2026-07-26 13:00:00,82.0,13,54.0,38.17,8.0,1,10588.72
2026-07-26 14:00:00,84.0,14,54.0,35.79,10.0,1,10958.82
2026-07-26 15:00:00,82.0,15,52.0,35.47,5.0,1,11616.12
2026-07-26 16:00:00,83.0,16,51.0,33.09,5.0,1,12952.26
2026-07-26 17:00:00,83.0,17,51.0,33.09,5.0,1,14517.71
2026-07-26 18:00:00,80.0,18,53.0,39.27,11.0,1,15562.5
2026-07-26 19:00:00,76.0,19,52.0,43.18,7.0,1,15742.52
2026-07-26 20:00:00,74.0,20,52.0,46.16,3.0,1,15491.17
2026-07-26 21:00:00,67.0,21,56.0,67.78,0.0,1,14783.3
2026-07-26 22:00:00,69.0,22,55.0,61.02,0.0,1,13676.84
2026-07-26 23:00:00,66.0,23,56.0,70.16,0.0,1,12499.82
2026-07-27 00:00:00,62.0,0,57.0,83.67,0.0,0,11653.64
2026-07-27 01:00:00,60.0,1,56.0,86.62,3.0,0,11871.25
2026-07-27 02:00:00,58.0,2,56.0,93.04,3.0,0,11884.66
2026-07-27 03:00:00,58.0,3,55.0,89.73,3.0,0,11870.11
2026-07-27 04:00:00,56.0,4,55.0,96.44,0.0,0,11980.52
2026-07-27 05:00:00,58.0,5,55.0,89.73,3.0,0,11873.78
2026-07-27 06:00:00,60.0,6,56.0,86.62,3.0,0,11823.58
2026-07-27 07:00:00,64.0,7,56.0,75.22,3.0,0,11972.47
2026-07-27 08:00:00,69.0,8,57.0,65.6,3.0,0,11673.58
2026-07-27 10:00:00,76.0,10,60.0,57.69,0.0,0,11058.63
2026-07-27 11:00:00,79.0,11,62.0,56.09,6.0,0,11575.87
2026-07-27 12:00:00,80.8,12,62.8,54.4,4.5,0,12133.47
2026-07-27 13:00:00,81.0,13,62.0,52.55,4.0,0,12844.32
2026-07-27 14:00:00,85.0,14,65.0,51.31,8.0,0,13494.05
2026-07-27 15:00:00,83.0,15,62.0,49.25,8.0,0,14480.62
2026-07-27 16:00:00,85.0,16,64.0,49.55,8.0,0,15834.34
2026-07-27 17:00:00,82.0,17,64.0,54.57,6.0,0,17176.96
2026-07-27 18:00:00,81.0,18,65.0,58.37,9.0,0,18086.85
2026-07-27 19:00:00,78.0,19,67.0,69.01,8.0,0,18057.25
2026-07-27 20:00:00,76.0,20,67.0,73.73,9.0,0,17770.42
2026-07-27 21:00:00,74.0,21,67.0,78.82,6.0,0,16950.53
2026-07-27 22:00:00,74.0,22,67.0,78.82,5.0,0,15661.75
2026-07-27 23:00:00,72.0,23,67.0,84.3,3.0,0,14326.46
2026-07-28 00:00:00,70.0,0,66.0,87.16,4.0,0,13398.26
2026-07-28 01:00:00,69.0,1,66.0,90.18,4.0,0,13411.92
2026-07-28 02:00:00,69.0,2,67.0,93.36,4.0,0,13071.79
2026-07-28 03:00:00,69.0,3,67.0,93.36,4.0,0,12943.3
2026-07-28 04:00:00,69.0,4,67.0,93.36,5.0,0,13088.82
2026-07-28 05:00:00,69.0,5,68.0,96.63,7.0,0,13176.99
2026-07-28 06:00:00,71.0,6,68.0,90.26,6.0,0,13583.58
2026-07-28 07:00:00,72.0,7,68.0,87.26,6.0,0,14258.14
2026-07-28 08:00:00,74.0,8,68.0,81.58,6.0,0,14265.95
2026-07-28 09:00:00,77.0,9,69.0,76.41,6.0,0,14257.78
2026-07-28 10:00:00,79.0,10,69.0,71.54,7.0,0,14297.77
2026-07-28 11:00:00,74.0,11,62.0,66.2,14.0,0,14571.15
2026-07-28 12:00:00,71.0,12,68.0,90.26,10.0,0,15063.03
2026-07-28 13:00:00,72.0,13,69.0,90.3,5.0,0,15886.6
2026-07-28 14:00:00,73.0,14,70.0,90.34,4.0,0,16621.68
2026-07-28 15:00:00,75.0,15,71.0,87.41,0.0,0,17095.24
2026-07-28 16:00:00,77.0,16,69.0,76.41,9.0,0,17465.9
2026-07-28 17:00:00,77.0,17,69.0,76.41,10.0,0,18025.66
2026-07-28 18:00:00,76.0,18,69.0,78.98,10.0,0,18166.51
2026-07-28 19:00:00,75.0,19,68.0,78.9,13.0,0,17975.11
2026-07-28 20:00:00,73.0,20,67.0,81.51,9.0,0,17732.37
2026-07-28 21:00:00,73.0,21,67.0,81.51,7.0,0,17005.03
2026-07-28 22:00:00,73.0,22,66.0,78.74,8.0,0,15793.82
2026-07-28 23:00:00,72.0,23,67.0,84.3,6.0,0,14559.11
2026-07-29 00:00:00,72.0,0,67.0,84.3,8.0,0,13651.83
2026-07-29 01:00:00,72.0,1,67.0,84.3,12.0,0,13837.44
2026-07-29 02:00:00,72.0,2,66.0,81.44,11.0,0,13509.48
2026-07-29 03:00:00,71.0,3,65.0,81.37,9.0,0,13488.38
2026-07-29 04:00:00,71.0,4,64.0,78.57,9.0,0,13558.02
2026-07-29 05:00:00,71.0,5,63.0,75.87,9.0,0,13860.12
2026-07-29 06:00:00,71.0,6,62.0,73.24,9.0,0,14063.37
2026-07-29 07:00:00,68.0,7,64.0,87.05,7.0,0,14820.57
2026-07-29 08:00:00,67.0,8,65.0,93.3,8.0,0,15143.96
2026-07-29 09:00:00,67.0,9,65.0,93.3,11.0,0,15374.96
2026-07-29 10:00:00,67.0,10,66.0,96.6,10.0,0,15436.93
2026-07-29 11:00:00,68.0,11,67.0,96.61,16.0,0,15306.48
2026-07-29 12:00:00,72.0,12,69.0,90.3,12.0,0,15202.8
2026-07-29 13:00:00,70.0,13,68.0,93.38,9.0,0,15267.0
2026-07-29 14:00:00,69.0,14,67.0,93.36,12.0,0,15258.57
2026-07-29 15:00:00,73.0,15,70.0,90.34,5.0,0,15518.1
2026-07-29 16:00:00,78.0,16,67.0,69.01,6.0,0,16058.85
2026-07-29 17:00:00,74.0,17,67.0,78.82,12.0,0,16524.42
2026-07-29 18:00:00,72.0,18,68.0,87.26,6.0,0,16547.17
2026-07-29 19:00:00,71.0,19,67.0,87.21,10.0,0,16362.63
2026-07-29 20:00:00,69.0,20,66.0,90.18,5.0,0,16076.92
2026-07-29 21:00:00,70.0,21,67.0,90.22,0.0,0,15467.67
2026-07-29 22:00:00,70.0,22,66.0,87.16,3.0,0,14451.96
2026-07-29 23:00:00,69.0,23,66.0,90.18,4.0,0,13629.3
2026-07-30 00:00:00,69.0,0,66.0,90.18,5.0,0,12675.67
2026-07-30 01:00:00,68.0,1,67.0,96.61,6.0,0,12652.46
2026-07-30 02:00:00,67.0,2,66.0,96.6,7.0,0,12689.22
2026-07-30 03:00:00,66.0,3,65.0,96.59,6.0,0,12682.74
2026-07-30 04:00:00,66.0,4,64.0,93.27,7.0,0,12797.67
2026-07-30 05:00:00,65.0,5,64.0,96.57,9.0,0,12972.59
2026-07-30 06:00:00,65.0,6,64.0,96.57,8.0,0,13048.36
2026-07-30 07:00:00,66.0,7,64.0,93.27,9.0,0,13711.61
2026-07-30 08:00:00,66.0,8,65.0,96.59,9.0,0,14101.69
2026-07-30 09:00:00,66.0,9,65.0,96.59,6.0,0,14192.2
2026-07-30 10:00:00,69.0,10,67.0,93.36,10.0,0,14373.83
2026-07-30 11:00:00,72.0,11,67.0,84.3,6.0,0,14354.55
2026-07-30 12:00:00,70.0,12,67.0,90.22,9.0,0,14000.43
2026-07-30 13:00:00,74.0,13,65.0,73.54,11.0,0,14081.9
2026-07-30 14:00:00,77.0,14,65.0,66.55,10.0,0,14231.47
2026-07-30 15:00:00,77.0,15,65.0,66.55,7.0,0,14624.79
2026-07-30 16:00:00,76.0,16,64.0,66.43,10.0,0,15000.92
2026-07-30 17:00:00,75.0,17,65.0,71.12,5.0,0,15626.98
2026-07-30 18:00:00,74.0,18,65.0,73.54,4.0,0,15950.76
2026-07-30 19:00:00,72.0,19,65.0,78.66,0.0,0,15989.52
2026-07-30 20:00:00,68.0,20,66.0,93.33,4.0,0,15903.48
2026-07-30 21:00:00,68.0,21,65.0,90.14,5.0,0,15313.3
2026-07-30 22:00:00,67.0,22,63.0,87.0,0.0,0,14278.03
2026-07-30 23:00:00,65.0,23,63.0,93.24,3.0,0,13176.4
2026-07-31 00:00:00,65.0,0,63.0,93.24,3.0,0,12362.17
2026-07-31 01:00:00,63.0,1,62.0,96.54,0.0,0,12287.96
2026-07-31 02:00:00,64.0,2,62.0,93.22,0.0,0,12013.83
2026-07-31 03:00:00,63.0,3,62.0,96.54,0.0,0,12011.61
2026-07-31 04:00:00,61.0,4,61.0,100.0,0.0,0,12122.24
2026-07-31 05:00:00,62.0,5,61.0,96.53,3.0,0,12312.16
2026-07-31 06:00:00,64.0,6,63.0,96.56,3.0,0,12419.11
2026-07-31 07:00:00,69.0,7,64.0,84.12,0.0,0,12719.72
2026-07-31 08:00:00,73.0,8,65.0,76.05,4.0,0,12887.35
2026-07-31 09:00:00,76.0,9,65.0,68.79,0.0,0,12674.27
2026-07-31 10:00:00,79.0,10,65.0,62.31,0.0,0,12491.9
2026-07-31 11:00:00,80.0,11,64.0,58.24,0.0,0,13017.78
2026-07-31 12:00:00,80.0,12,64.0,58.24,3.0,0,13705.73
2026-07-31 13:00:00,72.0,13,67.0,84.3,4.0,0,14117.06
2026-07-31 14:00:00,76.0,14,68.0,76.32,5.0,0,14517.3
2026-07-31 15:00:00,80.0,15,65.0,60.3,3.0,0,15016.25
2026-07-31 16:00:00,79.0,16,67.0,66.78,0.0,0,15892.32
2026-07-31 17:00:00,79.0,17,67.0,66.78,6.0,0,16927.74
2026-07-31 18:00:00,80.0,18,67.0,64.63,3.0,0,17435.42
2026-07-31 19:00:00,78.0,19,68.0,71.43,4.0,0,17442.59
2026-07-31 20:00:00,74.0,20,69.0,84.43,0.0,0,17253.38
2026-07-31 21:00:00,73.0,21,69.0,87.31,0.0,0,16585.69
2026-07-31 22:00:00,71.0,22,69.0,93.41,0.0,0,15464.09
2026-07-31 23:00:00,69.0,23,67.0,93.36,0.0,0,14287.24
2026-08-01 00:00:00,69.0,0,67.0,93.36,3.0,1,13501.22
2026-08-01 01:00:00,67.0,1,66.0,96.6,0.0,1,12933.06
2026-08-01 02:00:00,68.0,2,65.0,90.14,3.0,1,12639.0
2026-08-01 03:00:00,66.0,3,65.0,96.59,3.0,1,12530.06
2026-08-01 04:00:00,64.0,4,64.0,100.0,3.0,1,12414.84
2026-08-01 05:00:00,64.0,5,63.0,96.56,0.0,1,12741.29
2026-08-01 06:00:00,65.0,6,64.0,96.57,0.0,1,12780.86
2026-08-01 07:00:00,67.0,7,66.0,96.6,0.0,1,12931.97
2026-08-01 08:00:00,72.0,8,67.0,84.3,0.0,1,12921.7
2026-08-01 09:00:00,75.0,9,67.0,76.23,0.0,1,12627.55
2026-08-01 10:00:00,80.0,10,69.0,69.23,0.0,1,12684.77
2026-08-01 11:00:00,83.0,11,65.0,54.71,3.0,1,13093.74
2026-08-01 12:00:00,85.0,12,65.0,51.31,3.0,1,13943.3
2026-08-01 13:00:00,85.0,13,65.0,51.31,6.0,1,14680.47
2026-08-01 14:00:00,88.0,14,60.0,39.12,7.0,1,15269.49
2026-08-01 15:00:00,88.0,15,59.0,37.75,9.0,1,15887.41
2026-08-01 16:00:00,86.0,16,65.0,49.7,10.0,1,17040.98
2026-08-01 17:00:00,84.0,17,66.0,54.85,11.0,1,18285.06
2026-08-01 18:00:00,83.0,18,67.0,58.64,11.0,1,18689.92
2026-08-01 19:00:00,80.0,19,65.0,60.3,9.0,1,18484.9
2026-08-01 20:00:00,78.0,20,63.0,60.04,7.0,1,18311.69
2026-08-01 21:00:00,76.0,21,66.0,71.23,7.0,1,17593.61
2026-08-01 22:00:00,75.0,22,66.0,73.64,7.0,1,16534.88
2026-08-01 23:00:00,73.0,23,67.0,81.51,7.0,1,15381.94
2026-08-02 00:00:00,72.0,0,69.0,90.3,5.0,1,14475.78
2026-08-02 01:00:00,72.0,1,69.0,90.3,5.0,1,13758.52
2026-08-02 02:00:00,72.0,2,69.0,90.3,5.0,1,13711.67
2026-08-02 03:00:00,71.0,3,69.0,93.41,6.0,1,13615.27
2026-08-02 04:00:00,71.0,4,70.0,96.66,4.0,1,13901.39
2026-08-02 05:00:00,72.0,5,70.0,93.44,6.0,1,14039.09
2026-08-02 06:00:00,72.0,6,70.0,93.44,5.0,1,14089.48
2026-08-02 07:00:00,74.0,7,71.0,90.38,7.0,1,14034.03
2026-08-02 08:00:00,76.0,8,71.0,84.55,7.0,1,14109.18
2026-08-02 09:00:00,80.0,9,71.0,74.12,10.0,1,14109.97
2026-08-02 10:00:00,82.0,10,70.0,67.13,10.0,1,13890.22
2026-08-02 11:00:00,83.0,11,68.0,60.7,12.0,1,14414.23
2026-08-02 12:00:00,83.0,12,69.0,62.81,12.0,1,14859.94
2026-08-02 13:00:00,83.0,13,68.0,60.7,13.0,1,15461.46
2026-08-02 14:00:00,83.0,14,67.0,58.64,13.0,1,16147.66
2026-08-02 15:00:00,82.0,15,67.0,60.57,12.0,1,16936.0
2026-08-02 16:00:00,82.0,16,68.0,62.69,13.0,1,17749.11
2026-08-02 17:00:00,80.0,17,66.0,62.44,13.0,1,18586.36
2026-08-02 18:00:00,79.0,18,68.0,69.12,10.0,1,18959.52
2026-08-02 19:00:00,77.0,19,68.0,73.83,11.0,1,18865.96
2026-08-02 20:00:00,76.0,20,69.0,78.98,9.0,1,18719.66
2026-08-02 21:00:00,75.0,21,70.0,84.49,11.0,1,17918.01
2026-08-02 22:00:00,75.0,22,70.0,84.49,8.0,1,16775.69
2026-08-02 23:00:00,75.0,23,71.0,87.41,6.0,1,15890.32
2026-08-03 00:00:00,74.0,0,72.0,93.49,5.0,0,15114.04
2026-08-03 01:00:00,74.0,1,73.0,96.7,4.0,0,15063.26
2026-08-03 02:00:00,75.0,2,74.0,96.71,13.0,0,14914.24
2026-08-03 03:00:00,76.0,3,74.0,93.55,15.0,0,14748.3
2026-08-03 04:00:00,76.0,4,74.0,93.55,6.0,0,14887.0
2026-08-03 05:00:00,75.0,5,74.0,96.71,10.0,0,15346.85
2026-08-03 06:00:00,75.0,6,74.0,96.71,11.0,0,15758.47
2026-08-03 07:00:00,73.0,7,71.0,93.47,8.0,0,16633.31
2026-08-03 08:00:00,73.0,8,72.0,96.69,6.0,0,17227.15
2026-08-03 09:00:00,75.0,9,73.0,93.52,8.0,0,17472.57
2026-08-03 10:00:00,77.0,10,74.0,90.5,10.0,0,17805.15
2026-08-03 11:00:00,77.0,11,74.0,90.5,8.0,0,17966.85
2026-08-03 12:00:00,76.0,12,74.0,93.55,7.0,0,18257.83
2026-08-03 13:00:00,76.0,13,74.0,93.55,11.0,0,17740.19
2026-08-03 14:00:00,77.0,14,74.0,90.5,11.0,0,17499.06
2026-08-03 15:00:00,76.0,15,74.0,93.55,9.0,0,17432.14
2026-08-03 16:00:00,77.0,16,71.0,81.79,9.0,0,17749.99
2026-08-03 17:00:00,80.0,17,68.0,66.9,10.0,0,18305.1
2026-08-03 18:00:00,78.0,18,65.0,64.39,11.0,0,18720.94
2026-08-03 19:00:00,76.0,19,63.0,64.15,10.0,0,18429.09
2026-08-03 20:00:00,72.0,20,61.0,68.35,7.0,0,18027.23
2026-08-03 21:00:00,69.0,21,60.0,73.05,5.0,0,17093.25
2026-08-03 22:00:00,67.0,22,60.0,78.24,4.0,0,15905.61
2026-08-03 23:00:00,66.0,23,61.0,83.93,3.0,0,14668.84
2026-08-04 00:00:00,65.0,0,61.0,86.89,4.0,0,13161.98
2026-08-04 01:00:00,64.0,1,61.0,89.98,5.0,0,12967.14
2026-08-04 02:00:00,64.0,2,61.0,89.98,0.0,0,12462.3
2026-08-04 03:00:00,62.0,3,60.0,93.16,4.0,0,12144.79
2026-08-04 04:00:00,62.0,4,60.0,93.16,3.0,0,12153.52
2026-08-04 05:00:00,62.0,5,60.0,93.16,3.0,0,12528.03
2026-08-04 06:00:00,64.0,6,61.0,89.98,3.0,0,12768.77
2026-08-04 07:00:00,69.0,7,62.0,78.41,0.0,0,13039.04
2026-08-04 08:00:00,72.0,8,62.0,70.81,3.0,0,12946.12
2026-08-04 09:00:00,75.0,9,62.0,64.02,0.0,0,12747.1
2026-08-04 10:00:00,79.0,10,63.0,58.1,4.0,0,12458.55
2026-08-04 11:00:00,81.0,11,63.0,54.43,5.0,0,12529.48
2026-08-04 12:00:00,83.0,12,55.0,38.33,5.0,0,12943.48
2026-08-04 13:00:00,85.0,13,55.0,35.94,6.0,0,13686.26
2026-08-04 14:00:00,85.0,14,54.0,34.66,5.0,0,14552.53
2026-08-04 15:00:00,85.0,15,54.0,34.66,5.0,0,15725.84
2026-08-04 16:00:00,86.0,16,55.0,34.82,5.0,0,17233.37
2026-08-04 17:00:00,85.0,17,55.0,35.94,6.0,0,18749.23
2026-08-04 18:00:00,83.0,18,56.0,39.74,6.0,0,19587.36
2026-08-04 19:00:00,78.0,19,64.0,62.18,3.0,0,19299.43
2026-08-04 20:00:00,75.0,20,60.0,59.64,6.0,0,18775.99
2026-08-04 21:00:00,73.0,21,61.0,66.08,4.0,0,17720.19
2026-08-04 22:00:00,71.0,22,61.0,70.7,5.0,0,16186.0
2026-08-04 23:00:00,69.0,23,60.0,73.05,0.0,0,14712.68
2026-08-05 00:00:00,68.0,0,61.0,78.33,3.0,0,13820.69
2026-08-05 01:00:00,64.0,1,61.0,89.98,0.0,0,13444.61
2026-08-05 02:00:00,63.0,2,61.0,93.19,0.0,0,13136.88
2026-08-05 03:00:00,62.0,3,60.0,93.16,0.0,0,12814.48
2026-08-05 04:00:00,62.0,4,60.0,93.16,0.0,0,12772.53
2026-08-05 05:00:00,61.0,5,59.0,93.13,0.0,0,12970.14
2026-08-05 06:00:00,63.0,6,61.0,93.19,0.0,0,13053.5
2026-08-05 07:00:00,69.0,7,63.0,81.22,0.0,0,13468.78
2026-08-05 08:00:00,71.0,8,61.0,70.7,3.0,0,13479.13
2026-08-05 09:00:00,75.0,9,62.0,64.02,4.0,0,13519.33
2026-08-05 10:00:00,78.0,10,63.0,60.04,6.0,0,13619.71
2026-08-05 11:00:00,83.0,11,63.0,51.02,7.0,0,13788.78
2026-08-05 12:00:00,85.0,12,63.0,47.84,10.0,0,14314.94
2026-08-05 13:00:00,85.0,13,62.0,46.19,8.0,0,15335.08
2026-08-05 14:00:00,86.0,14,61.0,43.19,6.0,0,15993.92
2026-08-05 15:00:00,86.0,15,62.0,44.74,8.0,0,17158.88
2026-08-05 16:00:00,85.0,16,62.0,46.19,9.0,0,18424.83
2026-08-05 17:00:00,84.0,17,63.0,49.4,7.0,0,19359.78
2026-08-05 18:00:00,81.0,18,61.0,50.72,9.0,0,19789.54
2026-08-05 19:00:00,79.0,19,62.0,56.09,5.0,0,19633.12
2026-08-05 20:00:00,76.0,20,64.0,66.43,6.0,0,19353.69
2026-08-05 21:00:00,75.0,21,65.0,71.12,6.0,0,18505.15
2026-08-05 22:00:00,75.0,22,66.0,73.64,5.0,0,17185.34
2026-08-05 23:00:00,73.0,23,67.0,81.51,4.0,0,15886.16
2026-08-06 00:00:00,74.0,0,68.0,81.58,4.0,0,15309.89
2026-08-06 01:00:00,72.0,1,70.0,93.44,4.0,0,15276.6
2026-08-06 02:00:00,73.0,2,72.0,96.69,3.0,0,15098.14
2026-08-06 03:00:00,72.0,3,71.0,96.67,3.0,0,14899.19
2026-08-06 04:00:00,72.0,4,71.0,96.67,0.0,0,15207.86
2026-08-06 05:00:00,72.0,5,71.0,96.67,3.0,0,15558.3
2026-08-06 06:00:00,73.0,6,72.0,96.69,0.0,0,16011.56
2026-08-06 07:00:00,74.0,7,73.0,96.7,0.0,0,16702.96
2026-08-06 08:00:00,75.0,8,74.0,96.71,0.0,0,17091.69
2026-08-06 09:00:00,80.0,9,75.0,84.79,3.0,0,17203.75
2026-08-06 10:00:00,85.0,10,75.0,72.14,6.0,0,17130.49
2026-08-06 11:00:00,86.0,11,73.0,65.35,11.0,0,17677.95
2026-08-06 12:00:00,89.0,12,72.0,57.47,9.0,0,18159.92
2026-08-06 13:00:00,89.0,13,73.0,59.44,8.0,0,18954.27
2026-08-06 14:00:00,91.0,14,73.0,55.83,10.0,0,19556.14
2026-08-06 15:00:00,91.0,15,72.0,53.98,10.0,0,20676.85
2026-08-06 16:00:00,91.0,16,72.0,53.98,8.0,0,21807.84
2026-08-06 17:00:00,90.0,17,72.0,55.69,10.0,0,22697.54
2026-08-06 18:00:00,87.0,18,73.0,63.31,6.0,0,23321.58
2026-08-06 19:00:00,85.0,19,75.0,72.14,6.0,0,23143.47
2026-08-06 20:00:00,83.0,20,76.0,79.53,10.0,0,22870.25
2026-08-06 21:00:00,79.0,21,73.0,81.93,5.0,0,21710.58
2026-08-06 22:00:00,78.0,22,74.0,87.56,5.0,0,20026.04
2026-08-06 23:00:00,77.0,23,74.0,90.5,3.0,0,18809.71
2026-08-07 00:00:00,76.0,0,74.0,93.55,0.0,0,17726.0
2026-08-07 01:00:00,76.0,1,74.0,93.55,4.0,0,17351.59
2026-08-07 02:00:00,76.0,2,73.0,90.46,4.0,0,16943.31
2026-08-07 03:00:00,75.0,3,73.0,93.52,3.0,0,16759.1
2026-08-07 04:00:00,74.0,4,72.0,93.49,0.0,0,16663.35
2026-08-07 05:00:00,72.0,5,71.0,96.67,0.0,0,16976.95
2026-08-07 06:00:00,74.0,6,72.0,93.49,4.0,0,17171.1
2026-08-07 07:00:00,79.0,7,71.0,76.58,4.0,0,17771.04
2026-08-07 08:00:00,82.0,8,71.0,69.45,4.0,0,18046.44
2026-08-07 09:00:00,84.0,9,70.0,62.94,0.0,0,18162.97
2026-08-07 10:00:00,85.0,10,65.0,51.31,0.0,0,18465.9
2026-08-07 11:00:00,87.0,11,68.0,53.41,5.0,0,18776.16
2026-08-07 12:00:00,90.0,12,70.0,52.04,4.0,0,19120.38
2026-08-07 13:00:00,90.0,13,69.0,50.29,8.0,0,19654.02
2026-08-07 14:00:00,90.0,14,68.0,48.59,9.0,0,20401.49
2026-08-07 15:00:00,91.0,15,69.0,48.74,5.0,0,21376.27
2026-08-07 16:00:00,91.0,16,69.0,48.74,7.0,0,22504.82
2026-08-07 17:00:00,89.0,17,69.0,51.89,6.0,0,23357.75
2026-08-07 18:00:00,88.0,18,70.0,55.41,5.0,0,23677.24
2026-08-07 19:00:00,85.0,19,72.0,65.23,6.0,0,23186.49
2026-08-07 20:00:00,83.0,20,70.0,65.0,21.0,0,22391.94
2026-08-07 21:00:00,72.0,21,69.0,90.3,7.0,0,21057.85
2026-08-07 22:00:00,71.0,22,70.0,96.66,5.0,0,19561.94
2026-08-07 23:00:00,71.0,23,70.0,96.66,8.0,0,18278.48
2026-08-08 00:00:00,71.0,0,70.0,96.66,4.0,1,17101.01
2026-08-08 01:00:00,71.0,1,70.0,96.66,4.0,1,16427.1
2026-08-08 02:00:00,71.0,2,70.0,96.66,5.0,1,15879.46
2026-08-08 03:00:00,71.0,3,70.0,96.66,6.0,1,15796.06
2026-08-08 04:00:00,71.0,4,70.0,96.66,5.0,1,15552.19
2026-08-08 05:00:00,70.0,5,69.0,96.64,3.0,1,15504.21
2026-08-08 06:00:00,71.0,6,69.0,93.41,6.0,1,15569.18
2026-08-08 07:00:00,72.0,7,70.0,93.44,3.0,1,15916.44
2026-08-08 08:00:00,75.0,8,70.0,84.49,0.0,1,16266.64
2026-08-08 09:00:00,77.0,9,71.0,81.79,3.0,1,16310.31
2026-08-08 10:00:00,81.0,10,71.0,71.74,5.0,1,16119.58
2026-08-08 11:00:00,84.0,11,72.0,67.36,6.0,1,16402.06
2026-08-08 12:00:00,87.0,12,72.0,61.21,10.0,1,17003.51
2026-08-08 13:00:00,90.0,13,69.0,50.29,13.0,1,17791.95
2026-08-08 14:00:00,90.0,14,67.0,46.95,10.0,1,18215.92
2026-08-08 15:00:00,88.0,15,70.0,55.41,8.0,1,19094.48
2026-08-08 16:00:00,87.0,16,69.0,55.27,10.0,1,20549.48
2026-08-08 17:00:00,82.0,17,66.0,58.51,14.0,1,21570.23
2026-08-08 18:00:00,74.0,18,68.0,81.58,8.0,1,21551.99
2026-08-08 19:00:00,74.0,19,68.0,81.58,5.0,1,20944.16
2026-08-08 20:00:00,72.0,20,69.0,90.3,0.0,1,20336.31
2026-08-08 21:00:00,71.0,21,69.0,93.41,0.0,1,19191.62
2026-08-08 22:00:00,72.0,22,68.0,87.26,5.0,1,17830.46
2026-08-08 23:00:00,72.0,23,68.0,87.26,3.0,1,16740.96
2026-08-09 00:00:00,70.0,0,68.0,93.38,0.0,1,15486.38
2026-08-09 01:00:00,70.0,1,68.0,93.38,0.0,1,14707.05
2026-08-09 02:00:00,69.0,2,68.0,96.63,0.0,1,14409.36
2026-08-09 03:00:00,68.0,3,67.0,96.61,0.0,1,14214.2
2026-08-09 04:00:00,69.0,4,67.0,93.36,4.0,1,13920.82
2026-08-09 05:00:00,70.0,5,69.0,96.64,0.0,1,13942.38
2026-08-09 06:00:00,71.0,6,70.0,96.66,3.0,1,14149.26
2026-08-09 07:00:00,74.0,7,70.0,87.36,4.0,1,14422.87
2026-08-09 08:00:00,78.0,8,70.0,76.49,4.0,1,14665.35
2026-08-09 09:00:00,82.0,9,70.0,67.13,6.0,1,14846.84
2026-08-09 10:00:00,84.0,10,70.0,62.94,5.0,1,14704.32
2026-08-09 11:00:00,86.0,11,67.0,53.27,8.0,1,15470.22
2026-08-09 12:00:00,87.0,12,68.0,53.41,6.0,1,16333.7
2026-08-09 13:00:00,89.0,13,65.0,45.2,8.0,1,16945.18
2026-08-09 14:00:00,90.0,14,61.0,38.06,14.0,1,17552.97
2026-08-09 15:00:00,89.0,15,62.0,40.69,10.0,1,18451.25
2026-08-09 16:00:00,88.0,16,63.0,43.5,6.0,1,19748.39
2026-08-09 17:00:00,85.0,17,63.0,47.84,10.0,1,20965.84
2026-08-09 18:00:00,82.0,18,62.0,50.87,6.0,1,21484.61
2026-08-09 19:00:00,78.0,19,63.0,60.04,4.0,1,21035.89
2026-08-09 20:00:00,74.0,20,63.0,68.57,6.0,1,20342.51
2026-08-09 21:00:00,72.0,21,63.0,73.34,4.0,1,19118.93
2026-08-09 22:00:00,69.0,22,64.0,84.12,5.0,1,17495.46
2026-08-09 23:00:00,70.0,23,62.0,75.78,4.0,1,15969.96
2026-08-10 00:00:00,67.0,0,61.0,81.07,0.0,0,15025.41
2026-08-10 01:00:00,65.0,1,61.0,86.89,0.0,0,14742.82
2026-08-10 02:00:00,61.0,2,60.0,96.51,0.0,0,14220.68
2026-08-10 03:00:00,60.0,3,58.0,93.1,4.0,0,13812.81
2026-08-10 04:00:00,61.0,4,55.0,80.62,3.0,0,13709.1
2026-08-10 05:00:00,61.0,5,54.0,77.73,6.0,0,14040.36
2026-08-10 06:00:00,60.0,6,56.0,86.62,0.0,0,14004.63
2026-08-10 07:00:00,63.0,7,57.0,80.77,0.0,0,14218.03
2026-08-10 08:00:00,68.0,8,57.0,67.89,3.0,0,14353.37
2026-08-10 09:00:00,72.0,9,58.0,61.41,3.0,0,14212.26
2026-08-10 10:00:00,77.0,10,57.0,50.12,3.0,0,14107.19
2026-08-10 11:00:00,80.0,11,58.0,47.08,3.0,0,14317.33
2026-08-10 12:00:00,82.0,12,60.0,47.39,4.0,0,15113.73
2026-08-10 13:00:00,85.0,13,61.0,44.58,8.0,0,15687.57
2026-08-10 14:00:00,86.0,14,62.0,44.74,9.0,0,16532.97
2026-08-10 15:00:00,85.0,15,63.0,47.84,5.0,0,17844.24
2026-08-10 16:00:00,84.0,16,64.0,51.16,9.0,0,19356.85
2026-08-10 17:00:00,82.0,17,65.0,56.51,8.0,0,20338.5
2026-08-10 18:00:00,81.0,18,66.0,60.44,6.0,0,20658.43
2026-08-10 19:00:00,79.0,19,68.0,69.12,8.0,0,20240.83
2026-08-10 20:00:00,75.0,20,69.0,81.65,9.0,0,19917.56
2026-08-10 21:00:00,74.0,21,66.0,76.14,7.0,0,18809.67
2026-08-10 22:00:00,73.0,22,66.0,78.74,5.0,0,17379.4
2026-08-10 23:00:00,72.0,23,66.0,81.44,5.0,0,16032.66
2026-08-11 00:00:00,71.0,0,66.0,84.24,4.0,0,15220.2
2026-08-11 01:00:00,68.0,1,66.0,93.33,0.0,0,14985.83
2026-08-11 02:00:00,68.0,2,66.0,93.33,0.0,0,14502.82
2026-08-11 03:00:00,68.0,3,66.0,93.33,4.0,0,14447.05
2026-08-11 04:00:00,68.0,4,65.0,90.14,7.0,0,14401.9
2026-08-11 05:00:00,68.0,5,65.0,90.14,4.0,0,14566.9
2026-08-11 06:00:00,71.0,6,66.0,84.24,6.0,0,14648.21
2026-08-11 07:00:00,74.0,7,67.0,78.82,4.0,0,15156.82
2026-08-11 08:00:00,76.0,8,67.0,73.73,3.0,0,14997.63
2026-08-11 09:00:00,79.0,9,67.0,66.78,0.0,0,15045.2
2026-08-11 10:00:00,82.0,10,63.0,52.69,10.0,0,14917.04
2026-08-11 11:00:00,82.0,11,60.0,47.39,12.0,0,15286.19
2026-08-11 12:00:00,84.0,12,59.0,42.87,12.0,0,15823.14
2026-08-11 13:00:00,85.0,13,57.0,38.64,12.0,0,16315.4
2026-08-11 14:00:00,84.0,14,59.0,42.87,9.0,0,17117.47
2026-08-11 15:00:00,85.0,15,61.0,44.58,12.0,0,18067.72
2026-08-11 16:00:00,83.0,16,58.0,42.72,10.0,0,18757.18
2026-08-11 17:00:00,82.0,17,60.0,47.39,6.0,0,19437.1
2026-08-11 18:00:00,81.0,18,62.0,52.55,3.0,0,19970.47
2026-08-11 19:00:00,77.0,19,64.0,64.27,5.0,0,19760.18
2026-08-11 20:00:00,73.0,20,65.0,76.05,0.0,0,19403.76
2026-08-11 21:00:00,72.0,21,65.0,78.66,4.0,0,18220.84
2026-08-11 22:00:00,71.0,22,67.0,87.21,4.0,0,16725.7
2026-08-11 23:00:00,70.0,23,67.0,90.22,4.0,0,15284.05
2026-08-12 00:00:00,68.0,0,65.0,90.14,0.0,0,14211.8
2026-08-12 01:00:00,67.0,1,64.0,90.1,0.0,0,14044.51
2026-08-12 02:00:00,67.0,2,62.0,83.99,4.0,0,13570.58
2026-08-12 03:00:00,67.0,3,58.0,72.85,3.0,0,13468.82
2026-08-12 04:00:00,62.0,4,59.0,89.89,3.0,0,13502.3
2026-08-12 05:00:00,63.0,5,58.0,83.73,3.0,0,13717.24
2026-08-12 06:00:00,65.0,6,59.0,80.92,0.0,0,13927.08
2026-08-12 07:00:00,68.0,7,60.0,75.59,3.0,0,14048.88
2026-08-12 08:00:00,72.0,8,60.0,65.96,3.0,0,13754.27
2026-08-12 09:00:00,74.0,9,60.0,61.67,0.0,0,13800.41
2026-08-12 10:00:00,79.0,10,60.0,52.25,4.0,0,13731.12
2026-08-12 11:00:00,82.0,11,56.0,41.05,5.0,0,14085.27
2026-08-12 12:00:00,83.0,12,58.0,42.72,7.0,0,14459.34
2026-08-12 13:00:00,82.0,13,57.0,42.56,5.0,0,15403.12
2026-08-12 14:00:00,83.0,14,56.0,39.74,6.0,0,16042.22
2026-08-12 15:00:00,84.0,15,55.0,37.11,6.0,0,16949.05
2026-08-12 16:00:00,84.0,16,55.0,37.11,7.0,0,18029.72
2026-08-12 17:00:00,82.0,17,57.0,42.56,8.0,0,19101.08
2026-08-12 18:00:00,80.0,18,58.0,47.08,7.0,0,19361.55
2026-08-12 19:00:00,77.0,19,60.0,55.81,7.0,0,19069.76
2026-08-12 20:00:00,74.0,20,61.0,63.9,5.0,0,18678.1
2026-08-12 21:00:00,73.0,21,63.0,70.91,0.0,0,17652.28
2026-08-12 22:00:00,73.0,22,63.0,70.91,0.0,0,16284.7
2026-08-12 23:00:00,71.0,23,65.0,81.37,0.0,0,14988.69
2026-08-13 00:00:00,70.0,0,66.0,87.16,5.0,0,14087.78
2026-08-13 01:00:00,67.0,1,64.0,90.1,8.0,0,14303.74
2026-08-13 02:00:00,67.0,2,65.0,93.3,5.0,0,14013.52
2026-08-13 03:00:00,67.0,3,65.0,93.3,5.0,0,13742.68
2026-08-13 04:00:00,67.0,4,65.0,93.3,4.0,0,13791.21
2026-08-13 05:00:00,67.0,5,65.0,93.3,0.0,0,14227.99
2026-08-13 06:00:00,66.0,6,65.0,96.59,3.0,0,14397.55
2026-08-13 07:00:00,69.0,7,66.0,90.18,0.0,0,14710.68
2026-08-13 08:00:00,71.0,8,65.0,81.37,3.0,0,14494.15
2026-08-13 09:00:00,74.0,9,65.0,73.54,5.0,0,14108.49
2026-08-13 10:00:00,78.0,10,65.0,64.39,3.0,0,13844.05
2026-08-13 11:00:00,80.0,11,66.0,62.44,5.0,0,14090.6
2026-08-13 12:00:00,84.0,12,63.0,49.4,9.0,0,14801.45
2026-08-13 13:00:00,84.0,13,60.0,44.43,9.0,0,15336.14
2026-08-13 14:00:00,85.0,14,59.0,41.52,9.0,0,15916.56
2026-08-13 15:00:00,86.0,15,58.0,38.8,9.0,0,16702.42
2026-08-13 16:00:00,86.0,16,57.0,37.43,12.0,0,17795.64
2026-08-13 17:00:00,79.0,17,62.0,56.09,10.0,0,18921.9
2026-08-13 18:00:00,78.0,18,62.0,57.97,4.0,0,19270.66
2026-08-13 19:00:00,76.0,19,61.0,59.78,3.0,0,19016.84
2026-08-13 20:00:00,72.0,20,64.0,75.96,0.0,0,18545.18
2026-08-13 21:00:00,71.0,21,63.0,75.87,4.0,0,17492.42
2026-08-13 22:00:00,70.0,22,63.0,78.49,5.0,0,16120.3
2026-08-13 23:00:00,68.0,23,63.0,84.05,5.0,0,14752.66
2026-08-14 00:00:00,66.0,0,62.0,86.95,3.0,0,13850.24
2026-08-14 01:00:00,67.0,1,60.0,78.24,7.0,0,13655.74
2026-08-14 02:00:00,67.0,2,60.0,78.24,5.0,0,13299.27
2026-08-14 03:00:00,62.0,3,60.0,93.16,3.0,0,13222.05
2026-08-14 04:00:00,63.0,4,59.0,86.79,5.0,0,13196.62
2026-08-14 05:00:00,63.0,5,59.0,86.79,0.0,0,13352.66
2026-08-14 06:00:00,63.0,6,59.0,86.79,0.0,0,13172.88
2026-08-14 07:00:00,68.0,7,60.0,75.59,3.0,0,13280.02
2026-08-14 08:00:00,71.0,8,59.0,65.84,3.0,0,13151.36
2026-08-14 09:00:00,76.0,9,60.0,57.69,3.0,0,12611.42
2026-08-14 10:00:00,77.0,10,58.0,51.96,4.0,0,12427.8
2026-08-14 11:00:00,79.0,11,59.0,50.42,4.0,0,12660.96
2026-08-14 12:00:00,81.0,12,60.0,48.95,5.0,0,13176.54
2026-08-14 13:00:00,82.0,13,61.0,49.1,3.0,0,14010.06
2026-08-14 14:00:00,82.0,14,59.0,45.73,6.0,0,14736.2
2026-08-14 15:00:00,79.0,15,62.0,56.09,4.0,0,15721.19
2026-08-14 16:00:00,77.0,16,60.0,55.81,8.0,0,16948.95
2026-08-14 17:00:00,75.0,17,62.0,64.02,5.0,0,17680.37
2026-08-14 18:00:00,74.0,18,61.0,63.9,4.0,0,17636.55
2026-08-14 19:00:00,72.0,19,59.0,63.65,3.0,0,17317.04
2026-08-14 20:00:00,69.0,20,61.0,75.69,3.0,0,17062.77
2026-08-14 21:00:00,66.0,21,60.0,81.0,5.0,0,16227.41
2026-08-14 22:00:00,64.0,22,61.0,89.98,4.0,0,15076.82
2026-08-14 23:00:00,63.0,23,60.0,89.94,4.0,0,13845.91
2026-08-15 00:00:00,63.0,0,59.0,86.79,6.0,1,12828.81
2026-08-15 01:00:00,62.0,1,58.0,86.73,0.0,1,12056.92
2026-08-15 02:00:00,60.0,2,57.0,89.81,4.0,1,11792.09
2026-08-15 03:00:00,59.0,3,57.0,93.07,0.0,1,11625.82
2026-08-15 04:00:00,58.0,4,56.0,93.04,0.0,1,11534.99
2026-08-15 05:00:00,57.0,5,55.0,93.01,0.0,1,11656.51
2026-08-15 06:00:00,59.0,6,56.0,89.77,3.0,1,12175.43
2026-08-15 07:00:00,63.0,7,57.0,80.77,5.0,1,11777.78
2026-08-15 08:00:00,67.0,8,57.0,70.27,5.0,1,11210.19
2026-08-15 09:00:00,71.0,9,58.0,63.53,0.0,1,10850.78
2026-08-15 10:00:00,74.0,10,57.0,55.39,5.0,1,10822.13
2026-08-15 11:00:00,77.0,11,55.0,46.62,3.0,1,11026.58
2026-08-15 12:00:00,78.0,12,53.0,41.93,4.0,1,11376.0
2026-08-15 13:00:00,78.0,13,55.0,45.11,0.0,1,11778.09
2026-08-15 14:00:00,77.0,14,55.0,46.62,5.0,1,12234.09
2026-08-15 15:00:00,79.0,15,54.0,42.09,7.0,1,13061.72
2026-08-15 16:00:00,80.0,16,52.0,37.85,9.0,1,13767.94
2026-08-15 17:00:00,79.0,17,50.0,36.32,8.0,1,15016.91
2026-08-15 18:00:00,77.0,18,53.0,43.34,4.0,1,15933.93
2026-08-15 19:00:00,72.0,19,56.0,57.14,4.0,1,15870.01
2026-08-15 20:00:00,67.0,20,58.0,72.85,4.0,1,15499.77
2026-08-15 21:00:00,66.0,21,57.0,72.74,0.0,1,14705.81
2026-08-15 22:00:00,63.0,22,57.0,80.77,4.0,1,13730.15
2026-08-15 23:00:00,63.0,23,56.0,77.91,3.0,1,12681.38
2026-08-16 00:00:00,62.0,0,56.0,80.7,5.0,1,11948.89
2026-08-16 01:00:00,61.0,1,56.0,83.6,0.0,1,11678.74
2026-08-16 02:00:00,59.0,2,55.0,86.57,4.0,1,11327.57
2026-08-16 03:00:00,58.0,3,54.0,86.51,3.0,1,11051.69
2026-08-16 04:00:00,56.0,4,54.0,92.98,4.0,1,11144.44
2026-08-16 05:00:00,57.0,5,54.0,89.68,0.0,1,11465.96
2026-08-16 06:00:00,57.0,6,54.0,89.68,4.0,1,11457.16
2026-08-16 07:00:00,61.0,7,55.0,80.62,5.0,1,11155.67
2026-08-16 08:00:00,65.0,8,55.0,70.05,5.0,1,10807.62
2026-08-16 09:00:00,69.0,9,56.0,63.27,3.0,1,10245.39
2026-08-16 10:00:00,71.0,10,56.0,59.11,4.0,1,10183.57
2026-08-16 11:00:00,75.0,11,58.0,55.53,5.0,1,10359.32
2026-08-16 12:00:00,78.0,12,61.0,55.95,0.0,1,10562.08
2026-08-16 13:00:00,81.0,13,62.0,52.55,10.0,1,11072.0
2026-08-16 14:00:00,81.0,14,62.0,52.55,11.0,1,12189.75
2026-08-16 15:00:00,79.0,15,62.0,56.09,12.0,1,13522.6
2026-08-16 16:00:00,79.0,16,61.0,54.14,10.0,1,14751.05
2026-08-16 17:00:00,77.0,17,60.0,55.81,14.0,1,15814.64
2026-08-16 18:00:00,76.0,18,59.0,55.67,14.0,1,16454.4
2026-08-16 19:00:00,74.0,19,61.0,63.9,11.0,1,16499.68
2026-08-16 20:00:00,73.0,20,62.0,68.46,13.0,1,16337.17
2026-08-16 21:00:00,68.0,21,64.0,87.05,9.0,1,15598.37
2026-08-16 22:00:00,67.0,22,65.0,93.3,5.0,1,14613.84
2026-08-16 23:00:00,67.0,23,65.0,93.3,7.0,1,13644.62
2026-08-17 00:00:00,67.0,0,65.0,93.3,8.0,0,13143.62
2026-08-17 01:00:00,67.0,1,66.0,96.6,5.0,0,13327.42
2026-08-17 02:00:00,67.0,2,66.0,96.6,7.0,0,13285.62
2026-08-17 03:00:00,66.0,3,65.0,96.59,8.0,0,13145.92
2026-08-17 04:00:00,66.0,4,65.0,96.59,6.0,0,13215.35
2026-08-17 05:00:00,67.0,5,66.0,96.6,6.0,0,13464.09
2026-08-17 06:00:00,67.0,6,66.0,96.6,5.0,0,13595.96
2026-08-17 07:00:00,67.0,7,66.0,96.6,6.0,0,14301.48
2026-08-17 08:00:00,67.0,8,66.0,96.6,4.0,0,14783.57
2026-08-17 09:00:00,68.0,9,66.0,93.33,6.0,0,14925.74
2026-08-17 10:00:00,69.0,10,66.0,90.18,5.0,0,14935.49
2026-08-17 11:00:00,70.0,11,65.0,84.18,7.0,0,15215.86
2026-08-17 12:00:00,71.0,12,66.0,84.24,4.0,0,15254.11
2026-08-17 13:00:00,73.0,13,66.0,78.74,0.0,0,15272.06
2026-08-17 14:00:00,74.0,14,67.0,78.82,4.0,0,15373.46
2026-08-17 15:00:00,75.0,15,67.0,76.23,0.0,0,15575.88
2026-08-17 16:00:00,75.0,16,67.0,76.23,0.0,0,16057.97
2026-08-17 17:00:00,77.0,17,67.0,71.33,6.0,0,16708.39
2026-08-17 18:00:00,76.0,18,67.0,73.73,3.0,0,16926.22
2026-08-17 19:00:00,73.0,19,68.0,84.37,0.0,0,16967.6
2026-08-17 20:00:00,70.0,20,68.0,93.38,3.0,0,16891.24
2026-08-17 21:00:00,70.0,21,68.0,93.38,0.0,0,16123.07
2026-08-17 22:00:00,68.0,22,67.0,96.61,3.0,0,15031.86
2026-08-17 23:00:00,69.0,23,68.0,96.63,0.0,0,13906.88
2026-08-18 00:00:00,69.0,0,68.0,96.63,0.0,0,13151.51
2026-08-18 01:00:00,70.0,1,68.0,93.38,4.0,0,13302.02
2026-08-18 02:00:00,69.0,2,68.0,96.63,0.0,0,13375.55
2026-08-18 03:00:00,70.0,3,68.0,93.38,0.0,0,13215.06
2026-08-18 04:00:00,69.0,4,67.0,93.36,0.0,0,13321.17
2026-08-18 05:00:00,68.0,5,67.0,96.61,0.0,0,13586.71
2026-08-18 06:00:00,69.0,6,68.0,96.63,0.0,0,13765.9
2026-08-18 07:00:00,71.0,7,69.0,93.41,0.0,0,14326.08
2026-08-18 08:00:00,74.0,8,69.0,84.43,3.0,0,14614.32
2026-08-18 09:00:00,77.0,9,66.0,68.9,6.0,0,14566.58
2026-08-18 10:00:00,78.0,10,65.0,64.39,3.0,0,14663.38
2026-08-18 11:00:00,80.0,11,66.0,62.44,0.0,0,14523.12
2026-08-18 12:00:00,81.0,12,67.0,62.56,4.0,0,14555.74
2026-08-18 13:00:00,80.0,13,66.0,62.44,5.0,0,14844.11
2026-08-18 14:00:00,83.0,14,66.0,56.65,3.0,0,15363.59
2026-08-18 15:00:00,83.0,15,66.0,56.65,6.0,0,16307.77
2026-08-18 16:00:00,85.0,16,64.0,49.55,4.0,0,17490.98
2026-08-18 17:00:00,85.0,17,63.0,47.84,7.0,0,18585.05
2026-08-18 18:00:00,83.0,18,63.0,51.02,4.0,0,19137.86
2026-08-18 19:00:00,76.0,19,66.0,71.23,3.0,0,18835.61
2026-08-18 20:00:00,74.0,20,66.0,76.14,3.0,0,18485.32
2026-08-18 21:00:00,75.0,21,63.0,66.32,0.0,0,17444.71
2026-08-18 22:00:00,73.0,22,65.0,76.05,4.0,0,16082.62
2026-08-18 23:00:00,70.0,23,66.0,87.16,4.0,0,14772.87
2026-08-19 00:00:00,69.0,0,64.0,84.12,3.0,0,13899.94
2026-08-19 01:00:00,67.0,1,65.0,93.3,3.0,0,13669.04
2026-08-19 02:00:00,68.0,2,64.0,87.05,4.0,0,13643.15
2026-08-19 03:00:00,68.0,3,63.0,84.05,3.0,0,13616.88
2026-08-19 04:00:00,67.0,4,63.0,87.0,0.0,0,13865.34
2026-08-19 05:00:00,65.0,5,63.0,93.24,0.0,0,13883.7
2026-08-19 06:00:00,67.0,6,63.0,87.0,3.0,0,14146.94
2026-08-19 07:00:00,71.0,7,62.0,73.24,0.0,0,14510.5
2026-08-19 08:00:00,74.0,8,59.0,59.51,0.0,0,14398.08
2026-08-19 09:00:00,78.0,9,59.0,52.11,3.0,0,14157.49
2026-08-19 10:00:00,80.0,10,60.0,50.57,8.0,0,14003.0
2026-08-19 11:00:00,83.0,11,57.0,41.21,8.0,0,14331.71
2026-08-19 12:00:00,83.0,12,56.0,39.74,8.0,0,14792.0
2026-08-19 13:00:00,83.0,13,56.0,39.74,9.0,0,15370.06
2026-08-19 14:00:00,85.0,14,57.0,38.64,10.0,0,16131.98
2026-08-19 15:00:00,84.0,15,55.0,37.11,9.0,0,17069.81
2026-08-19 16:00:00,85.0,16,57.0,38.64,9.0,0,18207.94
2026-08-19 17:00:00,83.0,17,58.0,42.72,5.0,0,19320.54
2026-08-19 18:00:00,81.0,18,60.0,48.95,6.0,0,19642.61
2026-08-19 19:00:00,78.0,19,62.0,57.97,7.0,0,19346.71
2026-08-19 20:00:00,77.0,20,62.0,59.91,4.0,0,18919.32
2026-08-19 21:00:00,74.0,21,62.0,66.2,4.0,0,17789.8
2026-08-19 22:00:00,73.0,22,63.0,70.91,3.0,0,16379.6
2026-08-19 23:00:00,71.0,23,63.0,75.87,4.0,0,15007.66
